[{"Place Name":"Capitol Reef National Park","coords":"38.089600, -111.149910"},{"Place Name":"Pinnacles National Park","coords":"36.491508, -121.197243"},{"Place Name":"Rocky Mountain National Park","coords":"40.343182, -105.688103"},{"Place Name":"Offshore Trap\/Pot Waters Area","coords":"38.000000, -82.000000"},{"Place Name":"Steller Sea Lion Protection Area","coords":"57.466667, -153.433334"},{"Place Name":"Pacific Remote Islands Marine National Monument","coords":"16.736944, -169.523895"},{"Place Name":"Danville Conservation Area","coords":"38.865097, -91.504852"},{"Place Name":"Sand Harbor State Park","coords":"39.198364, -119.930984"},{"Place Name":"White Sands National Park","coords":"32.779720, -106.171669"},{"Place Name":"Jackson Hole","coords":"43.582767, -110.821999"},{"Place Name":"Mojave National Preserve","coords":"35.141689, -115.510399"},{"Place Name":"Joshua Tree National Park","coords":"33.881866, -115.900650"},{"Place Name":"Buffalo National River","coords":"35.985512, -92.757652"},{"Place Name":"Hot Springs National Park","coords":"34.521530, -93.042267"},{"Place Name":"Kartchner Caverns State Park","coords":"31.837551, -110.347382"},{"Place Name":"Navajo Nation Reservation","coords":"36.075321, -109.196930"},{"Place Name":"Sipsey Wilderness","coords":"34.332035, -87.434799"},{"Place Name":"Wrangell-St. Elias National Park & Preserve","coords":"61.710445, -142.985687"},{"Place Name":"Lake Clark National Park and Preserve","coords":"60.412697, -154.323502"},{"Place Name":"Katmai National Park and Preserve","coords":"58.597813, -154.693756"},{"Place Name":"Glacier Bay National Park and Preserve","coords":"58.665806, -136.900208"},{"Place Name":"Turtle Mountain","coords":"48.852882, -99.803535"},{"Place Name":"Odiorne Point State Park","coords":"43.049023, -70.720192"},{"Place Name":"Channel Islands National Park","coords":"33.998028, -119.772949"},{"Place Name":"Maplewood State Park","coords":"46.520966, -95.951576"},{"Place Name":"Bear Butte State Park","coords":"44.475296, -103.424309"},{"Place Name":"Okefenokee National Wildlife Refuge","coords":"30.773230, -82.292732"},{"Place Name":"Denali National Park and Preserve","coords":"63.129887, -151.197418"},{"Place Name":"Acadia National Park","coords":"44.338974, -68.273430"},{"Place Name":"Topanga State Park","coords":"34.093182, -118.587318"},{"Place Name":"Gates of the Arctic National Park and Preserve","coords":"67.915199, -153.463730"},{"Place Name":"Kaloko-Honok\u014dhau National Historical Park","coords":"19.678328, -156.020477"},{"Place Name":"Pedernales Falls State Park","coords":"30.308069, -98.257729"},{"Place Name":"Whiskeytown National Recreation Area","coords":"40.633495, -122.564247"},{"Place Name":"Mesa Verde National Park","coords":"37.230873, -108.461838"},{"Place Name":"Arches National Park","coords":"38.733082, -109.592514"},{"Place Name":"Mount Rainier National Park","coords":"46.879967, -121.726906"},{"Place Name":"Kenai Fjords National Park","coords":"60.043777, -149.816360"},{"Place Name":"Anahuac National Wildlife Refuge","coords":"29.610300, -94.449081"},{"Place Name":"Bandelier National Monument","coords":"35.767288, -106.311607"},{"Place Name":"Summit Bechtel Reserve","coords":"37.916035, -81.123047"},{"Place Name":"Yellowstone National Park","coords":"44.427895, -110.588379"},{"Place Name":"Rothrock State Forest","coords":"40.720585, -77.826965"},{"Place Name":"Great Smoky Mountains National Park","coords":"35.611763, -83.489548"},{"Place Name":"Zion National Park","coords":"37.297817, -113.028770"},{"Place Name":"Yosemite National Park","coords":"37.865101, -119.538330"},{"Place Name":"Yellowstone National Park","coords":"44.429764, -110.584663"},{"Place Name":"Haleakal\u0101 National Park","coords":"20.701283, -156.173325"},{"Place Name":"Malibu Creek State Park","coords":"34.105156, -118.731316"},{"Place Name":"Manti-La Sal National Forest","coords":"39.187050, -111.379890"},{"Place Name":"Cherry Creek State Park","coords":"39.639973, -104.831863"},{"Place Name":"Kissimmee Prairie Preserve State Park","coords":"27.612417, -81.053383"},{"Place Name":"Garden of Gods","coords":"38.873840, -104.886665"},{"Place Name":"Petrified Forest National Park","coords":"34.909988, -109.806793"},{"Place Name":"Fort Berthold Indian Reservation","coords":"47.683880, -102.354126"},{"Place Name":"Chattahoochee National Forest","coords":"34.765972, -84.143517"},{"Place Name":"Little Sandy National Wildlife Refuge","coords":"32.590797, -95.273666"},{"Place Name":"Siuslaw National Forest","coords":"44.358715, -123.829994"},{"Place Name":"Kings Canyon National Park","coords":"36.887856, -118.555145"},{"Place Name":"Ruffner Mountain Nature Center","coords":"33.558990, -86.707016"},{"Place Name":"Yellowstone National Park","coords":"44.427284, -110.584389"},{"Place Name":"Kings Mountain State Park","coords":"35.130459, -81.345444"},{"Place Name":"Honolulu Watershed Forest Preserve","coords":"21.363251, -157.781265"},{"Place Name":"Oleta River State Park","coords":"25.921614, -80.144402"},{"Place Name":"Grant Park","coords":"41.876465, -87.621887"},{"Place Name":"Wisconsin Interstate State Park","coords":"45.398449, -92.645126"},{"Place Name":"Bridge Creek Wildlife Area","coords":"45.043449, -118.949318"},{"Place Name":"Willamette National Forest","coords":"44.060471, -122.091736"},{"Place Name":"Golden Gate Canyon State Park","coords":"39.814339, -105.395622"},{"Place Name":"William F Hayden Green Mountain Park","coords":"39.702827, -105.175636"},{"Place Name":"Cades Cove","coords":"35.593670, -83.824997"},{"Place Name":"Lantz Farm and Nature Preserve","coords":"39.516754, -80.649948"},{"Place Name":"Myakka State Forest","coords":"26.988386, -82.286552"},{"Place Name":"Lake Eola Park","coords":"28.545021, -81.372856"},{"Place Name":"Gulf State Park","coords":"30.262793, -87.636337"},{"Place Name":"Egypt Valley Wildlife Area","coords":"40.115486, -81.114090"},{"Place Name":"Kennesaw Mountain National Battlefield Park","coords":"33.976376, -84.579163"},{"Place Name":"Shenandoah National Park","coords":"38.700516, -78.292694"},{"Place Name":"Ricketts Glen State Park","coords":"41.339184, -76.290436"},{"Place Name":"El Dorado State Park","coords":"37.866047, -96.756935"},{"Place Name":"Polihale State Park","coords":"22.079357, -159.761642"},{"Place Name":"Everglades National Park","coords":"25.286615, -80.898651"},{"Place Name":"Mt Hood National Forest","coords":"45.227173, -121.839455"},{"Place Name":"Bryce Canyon National Park","coords":"37.593048, -112.187332"},{"Place Name":"Mammoth Cave National Park","coords":"37.183640, -86.159943"},{"Place Name":"Redwood National and State Parks","coords":"41.213181, -124.004631"},{"Place Name":"Yellowstone National Park","coords":"44.423691, -110.588516"}]